,Unnamed: 0,vacancy.id,vacancy.source,vacancy.region.region_code,vacancy.region.name,vacancy.company.ogrn,vacancy.company.site,vacancy.company.companycode,vacancy.company.hr-agency,vacancy.company.inn,vacancy.company.name,vacancy.company.kpp,vacancy.company.url,vacancy.creation-date,vacancy.salary,vacancy.salary_min,vacancy.job-name,vacancy.vac_url,vacancy.employment,vacancy.schedule,vacancy.duty,vacancy.category.specialisation,vacancy.requirement.education,vacancy.requirement.qualification,vacancy.requirement.experience,vacancy.addresses.address,vacancy.term.text,vacancy.currency,vacancy.salary_max,vacancy.company.phone,vacancy.company.email,vacancy.company.logo,vacancy.social_protected,vacancy.company.fax,vacancy.company.code_industry_branch,vacancy.category.industry
167,167,f1745712-7a3d-11ec-b378-bf2cfe8c828d,Служба занятости,6300000000000,Самарская область,1026303859944.0,ОТСУТСТВУЕТ,1026303859944,False,6377002644.0,Военный комиссариат Нефтегорского и Алексеевского районов Самарской области,637701001,https://trudvsem.ru/company/1026303859944,2022-01-27,от 15101 до 15101,15101,Старший помощник военный комиссар,https://trudvsem.ru/vacancy/card/1026303859944/f1745712-7a3d-11ec-b378-bf2cfe8c828d,Полная занятость,Полный рабочий день,"ДОЛЖНОСТНЫЕ ОБЯЗАННОСТИ, ПРЕДУСМОТРЕННЫЕ КВАЛИФИКАЦИОННЫМИ ХАРАКТЕРИСТИКАМИ ПО ЗАНИМАЕМОЙ ДОЛЖНОСТИ.","Безопасность, службы охраны",Высшее,Новое рабочее место<br/>Специалист<br/>Работа с компьютером,0,"[{'location': 'Самарская область, 446600, г Нефтегорск, р-н Нефтегорский, пр-кт Победы, д. 8', 'lng': '51.169161', 'lat': '52.796257'}]",Социальный пакет,«руб.»,15101,+7(84670)21340,otsutstvuet@ya.ru,,,+7(84670)21140,,
604,604,da1fe082-7b13-11ec-b378-bf2cfe8c828d,Служба занятости,6100000000000,Ростовская область,1036165004391.0,,1036165004391,False,6148007915.0,Военный Комиссариат города Красный Сулин и Красносулинского района Ростовской области,614801001,https://trudvsem.ru/company/1036165004391,2022-03-01,от 13890 до 13890,13890,Старший военный комиссар,https://trudvsem.ru/vacancy/card/1036165004391/da1fe082-7b13-11ec-b378-bf2cfe8c828d,Полная занятость,Полный рабочий день,"высшее образование., доплата к должностному окладу 30%                .","Безопасность, службы охраны",Высшее,старший помощник военного комиссара (11 186руб)<br/>Ответственность,0,"[{'location': 'Ростовская область, 346350, г Красный Сулин, р-н Красносулинский, ул Почтовая, д. 15'}]",Социальный пакет,«руб.»,13890,+78636752354,,,,,,
646,646,de2dcdb2-52fd-11ec-b40f-bf2cfe8c828d,Служба занятости,6900000000000,Тверская область,1026940512752.0,,1026940512752,False,6905004027.0,Военный комиссариат Тверской области  города Конаково и Конаковского района,690500101,https://trudvsem.ru/company/1026940512752,2022-03-10,от 14000,14000,Старший помощник военный комиссар,https://trudvsem.ru/vacancy/card/1026940512752/de2dcdb2-52fd-11ec-b40f-bf2cfe8c828d,Полная занятость,Полный рабочий день,Должностные обязанности  уточняются при обращении к работодателю.,"Безопасность, службы охраны",Высшее,программист (по АСУ)<br/>Инициативность<br/>Коммуникабельность<br/>Дисциплинированность<br/>Свободная работа с компьютером<br/>Ответственность,1,"[{'location': 'Тверская область, 171254, г Конаково, р-н Конаковский, ул Свободы, д. 132', 'lng': '36.764703', 'lat': '56.694558'}]","Социальный пакетДополнительные единовременные денежные выплаты по итогам года, надбавка за выслугу лет.",«руб.»,0,+7(48242)33642,konczn@mail.ru,,,,,
993,993,f8c6d512-935b-11ec-8f42-bf2cfe8c828d,Служба занятости,2300000000000,Краснодарский край,1022301621726.0,,1022301621726,False,2310032694.0,"ФЕДЕРАЛЬНОЕ КАЗЕННОЕ УЧРЕЖДЕНИЕ ""ВОЕННЫЙ КОМИССАРИАТ КРАСНОДАРСКОГО КРАЯ""",231001001,https://trudvsem.ru/company/1022301621726,2022-03-11,от 13890 до 16000,13890,Старший помощник военный комиссар,https://trudvsem.ru/vacancy/card/1022301621726/f8c6d512-935b-11ec-8f42-bf2cfe8c828d,Полная занятость,Полный рабочий день,"Добросовестное выполнение должностных обязанностей, установленных работодателем","Безопасность, службы охраны",Высшее,"старший помощник военного комиссара по финансово-экономической, социальной и пенсионной работе<br/>Ответственность",1,"[{'location': 'Краснодарский край, 353800, ст-ца Полтавская, р-н Красноармейский, ул Садовая, д. 77'}]",Социальный пакет,«руб.»,16000,+7(86162)62892,vakansii@dgsz.krasnodar.ru,,,,,
994,994,f8d5c932-935b-11ec-8f42-bf2cfe8c828d,Служба занятости,2300000000000,Краснодарский край,1022301621726.0,,1022301621726,False,2310032694.0,"ФЕДЕРАЛЬНОЕ КАЗЕННОЕ УЧРЕЖДЕНИЕ ""ВОЕННЫЙ КОМИССАРИАТ КРАСНОДАРСКОГО КРАЯ""",231001001,https://trudvsem.ru/company/1022301621726,2022-03-11,от 13890 до 16000,13890,Старший помощник военный комиссар,https://trudvsem.ru/vacancy/card/1022301621726/f8d5c932-935b-11ec-8f42-bf2cfe8c828d,Полная занятость,Полный рабочий день,"Добросовестное выполнение должностных обязанностей, установленных работодателем","Безопасность, службы охраны",Среднее профессиональное,старший помощник военного комиссара<br/>Ответственность,1,"[{'location': 'Краснодарский край, 353800, ст-ца Полтавская, р-н Красноармейский, ул Садовая, д. 77'}]",Социальный пакет,«руб.»,16000,+7(86162)62892,vakansii@dgsz.krasnodar.ru,,,,,
1099,1099,11f5c7c2-93d5-11ec-8f42-bf2cfe8c828d,Служба занятости,7500000000000,Забайкальский край,1027501186569.0,,1027501186569,False,2722103016.0,Пункт отбора на военную службу по контракту Восточного военного округа,272201001,https://trudvsem.ru/company/1027501186569,2022-02-22,от 23613,23613,Помощник руководителя и специалиста военный комиссар,https://trudvsem.ru/vacancy/card/1027501186569/11f5c7c2-93d5-11ec-8f42-bf2cfe8c828d,Полная занятость,Полный рабочий день,"Работа с документами (заполнение), встреча с представителями","Безопасность, службы охраны",Высшее,Помощник начальника отдела<br/>Ответственность,1,"[{'location': 'Забайкальский край, 673450, г Балей, р-н Балейский, ул Кирова, д. 20', 'lng': '116.64317', 'lat': '51.582071'}]",Социальный пакет,«руб.»,0,+7(3022)343986,povsk-chita@mail.ru,,,+7(3022)343986,,
1207,1207,ebfc96e2-7e47-11ec-9bf6-bf2cfe8c828d,Служба занятости,6100000000000,Ростовская область,1036165006020.0,,1036165006020,False,6165035768.0,Отдел военного комиссариата Ростовской области по Октябрьскому и Ворошиловскому районам города Ростова-на-Дону,616501001,https://trudvsem.ru/company/1036165006020,2022-03-03,от 18650 до 18650,18650,Старший помощник военный комиссар,https://trudvsem.ru/vacancy/card/1036165006020/ebfc96e2-7e47-11ec-9bf6-bf2cfe8c828d,Полная занятость,Полный рабочий день,"Выполняет работу по осуществлению финансовой деятельности предприятия, направленной на обеспечение финансовыми ресурсами заданий производственного плана, формирование и распределение доходов и накоплений предприятия и их использование по обязательствам перед государственным бюджетом, налоговыми органами, банковскими учреждениями.","Безопасность, службы охраны",Высшее,"(по финансово- экономической работе). ЭКОНОМИСТ, ВПО, ответственность, дисциплинированность.<br/>Дисциплинированность<br/>Ответственность",0,"[{'location': 'Ростовская область, 344038, г Ростов-на-Дону, пл Ленина, д. 113/5'}]",Социальный пакетГрафик работы: c 8.30-17.30. З/пл + доп. по итогам работы выплач. премия. Можно без опыта работы.,«руб.»,18650,+7(863)2450031,rostov@czn-rostov.ru,,,,,
1513,1513,a2591f22-98f2-11ec-add7-bf2cfe8c828d,Служба занятости,5600000000000,Оренбургская область,1025600825205.0,,1025600825205,False,5607005993.0,"ФКУ ""Военный комиссариат Оренбургской области""",,https://trudvsem.ru/company/1025600825205,2022-03-05,от 18100,18100,Старший помощник военный комиссар,https://trudvsem.ru/vacancy/card/1025600825205/a2591f22-98f2-11ec-add7-bf2cfe8c828d,Полная занятость,Полный рабочий день,выполнение должностных обязанностей согласно должностной инструкции,"Безопасность, службы охраны",Высшее,Старший помощник военного комиссара; Организация и технология защиты информации<br/>Ответственность,0,"[{'location': 'Оренбургская область, 462353, г Новотроицк, ул Пушкина, д. 26', 'lng': '58.321144', 'lat': '51.197907'}]",Социальный пакетдополнительный оплачиваемый отпуск - 5дней.,«руб.»,0,+7(3537)670798,147@mail.ru,,,,,
1948,1948,7df84e55-82b1-11ec-ab76-550ed7335bbe,Работодатель,3300000000000,Владимирская область,1163328066880.0,,1163328066880,False,3328015437.0,Управление Федеральной службы войск национальной гвардии Российской Федерации Владимирской области (Управление Росгвардии по Владимирской области),332801001,https://trudvsem.ru/company/1163328066880,2022-01-31,от 27000 до 30000,27000,Музыкант военного оркестра,https://trudvsem.ru/vacancy/card/1163328066880/7df84e55-82b1-11ec-ab76-550ed7335bbe,Полная занятость,Полный рабочий день,<p>Исполнение музыкальных произведений в составе военного оркестра</p>,"Государственная служба, некоммерческие организации",Среднее профессиональное,,0,"[{'location': 'Владимирская область, г. Владимир, Суздальский проспект, 21б', 'lng': '40.456743', 'lat': '56.170846'}]",Ежегодная премия 20000,«руб.»,30000,+7(4922)778932,pot@vladimgcz.elcom.ru,,,,,
2444,2444,88629631-7edc-11ec-9bf6-bf2cfe8c828d,Служба занятости,5400000000000,Новосибирская область,1075464000688.0,,1075464000688,False,5425001426.0,Военный комиссариат Коченевского и Колыванского районов Новосибирской области,542501001,https://trudvsem.ru/company/1075464000688,2022-03-05,от 22000 до 22000,22000,Старший помощник военный комиссар,https://trudvsem.ru/vacancy/card/1075464000688/88629631-7edc-11ec-9bf6-bf2cfe8c828d,Полная занятость,Полный рабочий день,"Организация работы по защите информации.
 Постоянно организовывать информирование населения через органы местного самоуправления, службы трудоустройства и СМИ;
Участвовать в отборе кандидатов на военную службу по контракту и вызывать их на беседу;","Безопасность, службы охраны",Высшее,Работа с компьютером,0,"[{'location': 'Новосибирская область, 632640, рп Коченево, р-н Коченевский, ул Максима Горького, д. 202', 'lng': '82.208102', 'lat': '55.0278'}]",Социальный пакет,«руб.»,22000,+7(38351)23033,,,,,,
3069,3069,2d4c7ee1-ba75-11eb-9dd6-bf2cfe8c828d,Служба занятости,1400000000000,Республика Саха (Якутия),1021400769323.0,,1021400769323,False,1418001594.0,ОТДЕЛ ВОЕННОГО КОМИССАРИАТА РС(Я) ПО НИЖНЕКОЛЫМСКОМУ УЛУСУ,141001001,https://trudvsem.ru/company/1021400769323,2022-03-11,от 50000,50000,Старший помощник военный комиссар,https://trudvsem.ru/vacancy/card/1021400769323/2d4c7ee1-ba75-11eb-9dd6-bf2cfe8c828d,Полная занятость,,,"Безопасность, службы охраны",Среднее профессиональное,,0,"[{'location': 'Республика Саха (Якутия), 678830, п Черский, у Нижнеколымский, ул Пушкина, д. 3, корп. А', 'lng': '161.32909', 'lat': '68.749957'}]",Социальный пакет,«руб.»,0,+74115723513,,,,,,
3685,3685,5a61fb92-8f71-11ec-8f42-bf2cfe8c828d,Служба занятости,6300000000000,Самарская область,1026303859944.0,ОТСУТСТВУЕТ,1026303859944,False,6377002644.0,Военный комиссариат Нефтегорского и Алексеевского районов Самарской области,637701001,https://trudvsem.ru/company/1026303859944,2022-02-17,от 15101 до 16000,15101,Старший помощник военный комиссар,https://trudvsem.ru/vacancy/card/1026303859944/5a61fb92-8f71-11ec-8f42-bf2cfe8c828d,Полная занятость,Полный рабочий день,"ДОЛЖНОСТНЫЕ ОБЯЗАННОСТИ, ПРЕДУСМОТРЕННЫЕ КВАЛИФИКАЦИОННЫМИ ХАРАКТЕРИСТИКАМИ ПО ЗАНИМАЕМОЙ ДОЛЖНОСТИ.","Безопасность, службы охраны",Высшее,"Новое рабочее место<br/>ПО ФИНАНСОВО-ЭКОНОМИЧЕСКОЙ, СОЦИАЛЬНОЙ И ПЕНСИОННОЙ РАБОТЕ<br/>Работа с компьютером<br/>Ответственность<br/>Дисциплинированность",0,"[{'location': 'Самарская область, 446600, г Нефтегорск, р-н Нефтегорский, пр-кт Победы, д. 8', 'lng': '51.169161', 'lat': '52.796257'}]",Социальный пакет,«руб.»,16000,+7(84670)21340,otsutstvuet@ya.ru,,,+7(84670)21140,,
3923,3923,7a1b8122-ac65-11ec-9aad-bf2cfe8c828d,Работодатель,2700000000000,Хабаровский край,1022701136028.0,,1022701136028,False,2722010202.0,"ФЕДЕРАЛЬНОЕ КАЗЕННОЕ УЧРЕЖДЕНИЕ ""ВОЕННЫЙ КОМИССАРИАТ ХАБАРОВСКОГО КРАЯ""",272201001,https://trudvsem.ru/company/1022701136028,2022-03-25,от 20973 до 39151,20973,Старший помощник военный комиссар,https://trudvsem.ru/vacancy/card/1022701136028/7a1b8122-ac65-11ec-9aad-bf2cfe8c828d,Полная занятость,Полный рабочий день,Выполнение обязанностей в соответствии с  профессионально - квалификационными требованиями  данной профессии,"Безопасность, службы охраны",Среднее профессиональное,Гарантированное собеседование<br/>Старший помощник военного комиссара в отделении призыва<br/>Ответственность<br/>Дисциплинированность,0,"[{'location': 'Хабаровский край, Верхнебуреинский район, рп Чегдомын, Чегдомынская улица, Хабаровский край, Верхнебуреинский район, рп.Чегдомын, ул. 40 лет Победы, д.3', 'lng': '132.98901', 'lat': '51.11884'}]",Социальный пакет,«руб.»,39151,+7(4212)429631 доб. 2016,voenkomhab@mail.ru,,,,,
4479,4479,52af6b05-9a28-11ec-8543-4febb26dc4ec,Работодатель,6900000000000,Тверская область,1026900559388.0,https://мсч.69.мвд.рф/,1026900559388,False,6905006095.0,"ФКУЗ ""МСЧ МВД России по Тверской области""",695001001,https://trudvsem.ru/company/1026900559388,2022-03-02,от 45000,45000,врач-психиатр военно-врачебной комиссии,https://trudvsem.ru/vacancy/card/1026900559388/52af6b05-9a28-11ec-8543-4febb26dc4ec,Полная занятость,Полный рабочий день,<p>Работа по специальности</p>,"Государственная служба, некоммерческие организации",Высшее,,0,"[{'location': 'Тверская область, г. Тверь, Салтыкова-Щедрина улица, 26', 'lng': '35.921742', 'lat': '56.855797'}]",,«руб.»,0,+7(482) 234-65-30,,,,,,
4818,4818,93cda8b5-b551-11ec-bdf7-550ed7335bbe,Работодатель,2700000000000,Хабаровский край,1022701136028.0,,1022701136028,False,2722010202.0,"ФЕДЕРАЛЬНОЕ КАЗЕННОЕ УЧРЕЖДЕНИЕ ""ВОЕННЫЙ КОМИССАРИАТ ХАБАРОВСКОГО КРАЯ""",272201001,https://trudvsem.ru/company/1022701136028,2022-04-06,от 20973 до 39151,20973,Старший помощник военного комиссара,https://trudvsem.ru/vacancy/card/1022701136028/93cda8b5-b551-11ec-bdf7-550ed7335bbe,Полная занятость,Полный рабочий день,,"Безопасность, службы охраны",Высшее,,0,"[{'location': 'Хабаровский край, Охотский район, рп Охотск, Победы улица, дом: 26;, адрес: Хабаровский край, рп.Охотск, ул. Кузнецовская, д. 5', 'lng': '143.29771', 'lat': '59.363299'}]",,«руб.»,39151,+7(4212)429631 доб. 2016,voenkomhab@mail.ru,,,,,
4990,4990,60d94115-90af-11ec-9f92-57fc951f3846,Работодатель,4300000000000,Кировская область,1034316506454.0,,1034316506454,False,4348009352.0,"Федеральное казенное учреждение ""Военный комиссариат Кировской области""",434501001,https://trudvsem.ru/company/1034316506454,2022-02-18,от 16000,16000,начальник отделения подготовки и призыва граждан на военную службу,https://trudvsem.ru/vacancy/card/1034316506454/60d94115-90af-11ec-9f92-57fc951f3846,Полная занятость,Полный рабочий день,"<p>Организовать вызов призывников, своевременную отправку призывников на ОСП, контролировать их явку. Проводить изучение призывников, работу по подготовке молодежи к военной службе, первоначальной постановке граждан на воинский учет.</p>","Государственная служба, некоммерческие организации",Высшее,<p>Инженерно-технтческие (инженерно-экономические) специальности. Высшее профессиональное образование (дипломированный специалист).</p>,5,"[{'location': 'Кировская область, г. Киров, Московская улица, 121а', 'lng': '49.622873', 'lat': '58.603956'}]",,«руб.»,0,+7(8332)384703,voenkomkirov@mil.ru,,,,,
4991,4991,7fe909c5-90b2-11ec-8543-4febb26dc4ec,Работодатель,4300000000000,Кировская область,1034316506454.0,,1034316506454,False,4348009352.0,"Федеральное казенное учреждение ""Военный комиссариат Кировской области""",434501001,https://trudvsem.ru/company/1034316506454,2022-02-18,от 16000,16000,помощник начальника отделения (подготовики и призыва граждан на военную службу)  (по воинскому учету),https://trudvsem.ru/vacancy/card/1034316506454/7fe909c5-90b2-11ec-8543-4febb26dc4ec,Полная занятость,Полный рабочий день,"<p>Готовить учётно-послужные карточки, ответы по жалобам, заявлениям, просьбам заявителей заведениям по курсам и по годам рождения. Вести их количественный учет, сроки окончания отсрочек в отношении призывников, которые не подлежат призыву, оформление отсрочек от призыва на военную службу и т.д.</p>","Государственная служба, некоммерческие организации",Среднее профессиональное,,3,"[{'location': 'Кировская область, г. Киров, Московская улица, 121а', 'lng': '49.622873', 'lat': '58.603956'}]",,«руб.»,0,+7(8332)384703,voenkomkirov@mil.ru,,,,,
4994,4994,986a7ed5-90b1-11ec-92fd-550ed7335bbe,Работодатель,4300000000000,Кировская область,1034316506454.0,,1034316506454,False,4348009352.0,"Федеральное казенное учреждение ""Военный комиссариат Кировской области""",434501001,https://trudvsem.ru/company/1034316506454,2022-02-18,от 16000,16000,помощник начальника отделения (подготовки и призыва граждан на военную службу),https://trudvsem.ru/vacancy/card/1034316506454/986a7ed5-90b1-11ec-92fd-550ed7335bbe,Полная занятость,Полный рабочий день,"<p>Готовить учётно-послужные карточки, ответы по жалобам, заявлениям, просьбам заявителей, выписывать повестки на призывников, проводить их оповещение, вручать им повестки лично под роспись. Готовить документы для отправки команд на сборный пункт, беседовать с призывниками, подлежащими призыву.</p>","Государственная служба, некоммерческие организации",Среднее профессиональное,,3,"[{'location': 'Кировская область, г. Киров, Московская улица, 121а', 'lng': '49.622873', 'lat': '58.603956'}]",,«руб.»,0,+7(8332)384703,voenkomkirov@mil.ru,,,,,
5388,5388,22722815-b648-11ec-bdf7-550ed7335bbe,Работодатель,4300000000000,Кировская область,1034316506454.0,,1034316506454,False,4348009352.0,"Федеральное казенное учреждение ""Военный комиссариат Кировской области""",434501001,https://trudvsem.ru/company/1034316506454,2022-04-07,от 16000,16000,старший помощник военного комиссара,https://trudvsem.ru/vacancy/card/1034316506454/22722815-b648-11ec-bdf7-550ed7335bbe,Полная занятость,Полный рабочий день,"<p>Осуществляет контроль проводимых мероприятий по защите государственной тайны и анализ ее состояния, участвует в выработке предложений и принятии решений по совершенствованию деятельности по ЗГТ, эффективному использованию средств защиты информации от НСД.</p>","Государственная служба, некоммерческие организации",Высшее,,0,"[{'location': 'Кировская область, Юрьянский район, Юрья поселок городского типа, Лермонтова улица, 21', 'lng': '49.271758', 'lat': '59.049004'}]",Ежемесячная премия 25 %,«руб.»,0,+7(8332)384703,voenkomkirov@mil.ru,,,,,
5482,5482,1cc2eea2-a207-11eb-9dd6-bf2cfe8c828d,Служба занятости,6900000000000,Тверская область,1026940507296.0,,1026940507296,False,6903006815.0,Военный комиссариат Калининского района Тверской области,690301001,https://trudvsem.ru/company/1026940507296,2022-03-10,от 18000 до 18000,18000,Старший помощник военный комиссар,https://trudvsem.ru/vacancy/card/1026940507296/1cc2eea2-a207-11eb-9dd6-bf2cfe8c828d,Полная занятость,Полный рабочий день,Должностные обязанности уточняются при обращении к работодателю.,"Безопасность, службы охраны",Высшее,"Среднее специальное образование,высшее.<br/>Свободная работа с компьютером<br/>Ответственность<br/>Дисциплинированность",1,"[{'location': 'Тверская область, 170100, г Тверь, ул Московская, д. 66А', 'lng': '35.931542', 'lat': '56.85055'}]",Социальный пакетТрудоустройство согласно ТК РФ.,«руб.»,18000,+7(4822)344539,vakans-05@mail.ru,,,,,
5483,5483,1ccc6482-a207-11eb-9dd6-bf2cfe8c828d,Служба занятости,6900000000000,Тверская область,1026940507296.0,,1026940507296,False,6903006815.0,Военный комиссариат Калининского района Тверской области,690301001,https://trudvsem.ru/company/1026940507296,2022-03-10,от 18000 до 18000,18000,Старший помощник военный комиссар,https://trudvsem.ru/vacancy/card/1026940507296/1ccc6482-a207-11eb-9dd6-bf2cfe8c828d,Полная занятость,Полный рабочий день,Должностные обязанности уточняются при обращении к работодателю.,"Безопасность, службы охраны",Высшее,"По финансово-экономической ,социальной и пенсионной работе.Высшее образование.<br/>Свободная работа с компьютером<br/>Ответственность<br/>Дисциплинированность",0,"[{'location': 'Тверская область, 170100, г Тверь, ул Московская, д. 66А', 'lng': '35.931542', 'lat': '56.85055'}]",Социальный пакетТрудоустройство согласно ТК РФ.,«руб.»,18000,+7(4822)344539,vakans-05@mail.ru,,,,,
5506,5506,c076cda2-7b0f-11ec-b378-bf2cfe8c828d,Служба занятости,5100000000000,Мурманская область,1025100655470.0,,1025100655470,False,5107010579.0,Военный комиссариат (города Мончегорк Мурманской области),510701001,https://trudvsem.ru/company/1025100655470,2022-03-15,от 31947 до 50000,31947,Старший помощник военный комиссар,https://trudvsem.ru/vacancy/card/1025100655470/c076cda2-7b0f-11ec-b378-bf2cfe8c828d,Полная занятость,Полный рабочий день,Выполнение обязанностей в соответствии с должностной инструкцией,"Безопасность, службы охраны",Высшее,инженерно-техническое образование<br/>Коммуникабельность<br/>Дисциплинированность,5,"[{'location': 'Мурманская область, 184500, г Мончегорск, пр-кт Металлургов, д. 2 а', 'lng': '32.89954', 'lat': '67.940136'}]",Социальный пакетЖенщины в пятницу до 13.00,«руб.»,50000,+7(81536)32568,mgoby.czn@yandex.ru,,,,,
6586,6586,76570bc2-63fb-11ec-9db4-bf2cfe8c828d,Служба занятости,3100000000000,Белгородская область,1023101121614.0,,1023101121614,False,3115002708.0,Военный комиссариат Прохоровского района Белгородской области,311501001,https://trudvsem.ru/company/1023101121614,2022-03-05,от 18833,18833,Старший помощник военный комиссар,https://trudvsem.ru/vacancy/card/1023101121614/76570bc2-63fb-11ec-9db4-bf2cfe8c828d,Полная занятость,Полный рабочий день,в соответствии с должностными инструкциями на данном предприятии,"Безопасность, службы охраны",Высшее,по защите информации<br/>Ответственность,0,"[{'location': 'Белгородская область, 309000, пгт Прохоровка, р-н Прохоровский, ул Советская, д. 29', 'lng': '36.719724', 'lat': '51.032046'}]",Социальный пакетежемесячная премия до 2000 руб.,«руб.»,0,+7(47242)21991,1@1.ru,,,,,
8354,8354,45951e35-ba60-11ec-ac55-57fc951f3846,Работодатель,4300000000000,Кировская область,1024300668149.0,,1024300668149,False,4309002748.0,Военный комиссариат Зуевского и Фаленского районов Кировской области,430901001,https://trudvsem.ru/company/1024300668149,2022-04-12,от 17000,17000,старший помощник военного комиссара,https://trudvsem.ru/vacancy/card/1024300668149/45951e35-ba60-11ec-ac55-57fc951f3846,Полная занятость,Полный рабочий день,"<p>работа с ПК, работа с программами</p>","Безопасность, службы охраны",Высшее,,0,"[{'location': 'Кировская область, Зуевский район, г. Зуевка, Южная улица, 16', 'lng': '51.110636', 'lat': '58.400071'}]",,«руб.»,0,+7(83337)20545,otdelvk@yandex.ru,,,+7(83337)20545,,
9184,9184,ab18e342-40c6-11ec-b525-bf2cfe8c828d,Служба занятости,2500000000000,Приморский край,1022502287345.0,,1022502287345,False,2540019578.0,"ФЕДЕРАЛЬНОЕ КАЗЕННОЕ УЧРЕЖДЕНИЕ ""ВОЕННЫЙ КОМИССАРИАТ ПРИМОРСКОГО КРАЯ""",254001002,https://trudvsem.ru/company/1022502287345,2022-01-20,от 25000 до 32000,25000,Старший помощник военный комиссар,https://trudvsem.ru/vacancy/card/1022502287345/ab18e342-40c6-11ec-b525-bf2cfe8c828d,Полная занятость,Полный рабочий день,"Оказывает помощь в организации работы отдела (отделения) военного комиссариата (подготовки и призыва граждан на военную службу), в том числе по реализации приказов вышестоящих органов военного управления, разработке проектов приказов, директив, распоряжений и указаний военного комиссара, выборе способов и методов обоснования принимаемых решений, контроле за выполнением требований служебных документов. Выполняет задачи по обеспечению мобилизационного развертывания войск на обслуживаемой территории (по функциям отдела (отделения), а также работу по обеспечению необходимых условий работникам отдела (отделения) для сохранения государственной тайны. Участвует в разработке мероприятий, направленных на обеспечение секретности работ и сохранности документов, в проведении профилактических мер по предотвращению утрат документов и разглашению секретных сведений.","Безопасность, службы охраны",Высшее,по правовой работе военного коммисариата Ленинского и Фрунзенского районов г. Владивосток<br/>Дисциплинированность,0,"[{'location': 'Приморский край, г Владивосток, ул Уборевича, д. 23', 'lng': '131.89137', 'lat': '43.12059'}]","Социальный пакет40-часовая рабочая неделя, социальные гарантии, льготы в соответствии с действующим законодательством, коллективным договором.",«руб.»,32000,+7(423)2317620,marusya260961@mail.ru,,,+7(423)2346529,,
9763,9763,2319df95-9895-11ec-8543-4febb26dc4ec,Работодатель,3400000000000,Волгоградская область,1033400322053.0,,1033400322053,False,3444059756.0,ВОЕННЫЙ КОМИССАРИАТ ВОЛГОГРАДСКОЙ ОБЛАСТИ,344401001,https://trudvsem.ru/company/1033400322053,2022-02-28,от 14044 до 15000,14044,"Старший помощник начальника отделения (по АСУ) военного комиссариата (городского округа г. Фролово, Иловлинского, Ольховского и Фроловского муниципальных районов Волгоградской области)",https://trudvsem.ru/vacancy/card/1033400322053/2319df95-9895-11ec-8543-4febb26dc4ec,Полная занятость,Полный рабочий день,"<p>Установка, использование программного обеспечения. Ведение учета средств автоматизации и вычислительной техники, технической документации.</p>","Информационные технологии, телекоммуникации, связь",Высшее,<p>Гарантированное собеседование&nbsp;</p>,1,"[{'location': 'Волгоградская область, г. Фролово, К.Маркса улица, 116, 403534, г Фролово, ул Карла Маркса, офис 116', 'lng': '43.661006', 'lat': '49.753599'}]",,«руб.»,15000,+7(919)9876379,vk_volgograd_3@mil.ru,,,,,
10761,10761,5a87d555-960f-11ec-9f92-57fc951f3846,Работодатель,7600000000000,Ярославская область,1027601276933.0,,1027601276933,False,7604008485.0,Военный комиссариат Ярославской области,761101101,https://trudvsem.ru/company/1027601276933,2022-02-25,от 13890,13890,Начальник отделения (подготовки и призыва граждан на военную службу),https://trudvsem.ru/vacancy/card/1027601276933/5a87d555-960f-11ec-9f92-57fc951f3846,Полная занятость,Полный рабочий день,,"Безопасность, службы охраны",Высшее,<p>08:30-17:45 (пятница и предраздничные дни на 1 час короче)</p>,1,"[{'location': 'Ярославская область, Даниловский район, г. Данилов, Свердлова улица, 49', 'lng': '40.176208', 'lat': '58.185902'}]",,«руб.»,0,+722853,ul4chik@mail.ru,,,,,
11525,11525,11863b65-ad63-11ec-bdf7-550ed7335bbe,Работодатель,4100000000000,Камчатский край,1112722003316.0,mil.ru,797f0990-a971-11ec-b30d-4febb26dc4ec,False,2722103016.0,обособленное подразделения Пункт (Отбора На Военную Службу По Контракту) Город Петропавловск-Камчатский,410145032,https://trudvsem.ru/company/797f0990-a971-11ec-b30d-4febb26dc4ec,2022-03-27,от 38000 до 220000,38000,военнослужащий по контракту,https://trudvsem.ru/vacancy/card/797f0990-a971-11ec-b30d-4febb26dc4ec/11863b65-ad63-11ec-bdf7-550ed7335bbe,Полная занятость,Полный рабочий день,"<p>Исполнения служебных обязанностей, согласно занимаемой должности.</p>","Государственная служба, некоммерческие организации",Среднее,,0,"[{'location': 'Камчатский край, г. Петропавловск-Камчатский, Пограничная улица, 35, район электрон', 'lng': '158.67856', 'lat': '53.036585'}]",,«руб.»,220000,+7(962) 215-27-80,,,,,,
11591,11591,7757e615-beb5-11ec-85d3-d768660431c4,Работодатель,2500000000000,Приморский край,1022502287345.0,,1022502287345,False,2540019578.0,"ФЕДЕРАЛЬНОЕ КАЗЕННОЕ УЧРЕЖДЕНИЕ ""ВОЕННЫЙ КОМИССАРИАТ ПРИМОРСКОГО КРАЯ""",254001002,https://trudvsem.ru/company/1022502287345,2022-04-18,от 24000,24000,Старший помощник по правовой работе военного комиссариата Ленинского и Фрунзенского районов г. Владивосток,https://trudvsem.ru/vacancy/card/1022502287345/7757e615-beb5-11ec-85d3-d768660431c4,Полная занятость,Полный рабочий день,"<p>Оказывает помощь в организации работы отдела (отделения) военного комиссариата (подготовки и призыва граждан на военную службу), в том числе по реализации приказов вышестоящих органов военного управления, разработке проектов приказов, директив, распоряжений и указаний военного комиссара, выборе способов и методов обоснования принимаемых решений, контроле за выполнением требований служебных документов. Выполняет задачи по обеспечению мобилизационного развертывания войск на обслуживаемой территории (по функциям отдела (отделения), а также работу по обеспечению необходимых условий работникам отдела (отделения) для сохранения государственной тайны. Участвует в разработке мероприятий, направленных на обеспечение секретности работ и сохранности документов, в проведении профилактических мер по предотвращению утрат документов и разглашению секретных сведений.</p>","Безопасность, службы охраны",Высшее,,0,"[{'location': 'Приморский край, г. Владивосток, Уборевича улица, 23', 'lng': '131.89137', 'lat': '43.12059'}]",,«руб.»,0,+7(423)2317620,marusya260961@mail.ru,,,+7(423)2346529,,
11877,11877,dc3d5e05-9559-11ec-92fd-550ed7335bbe,Работодатель,1100000000000,Республика Коми,1031100406930.0,,1031100406930,False,1101481687.0,ВОЕННЫЙ КОМИССАРИАТ РЕСПУБЛИКИ КОМИ,110101001,https://trudvsem.ru/company/1031100406930,2022-02-24,от 23613 до 43269,23613,Фельдшер военного комиссариата (Троицко-Печорского района Республики Коми) центра (военно-врачебной комиссии),https://trudvsem.ru/vacancy/card/1031100406930/dc3d5e05-9559-11ec-92fd-550ed7335bbe,Полная занятость,Полный рабочий день,"<p>Организовывать совместно с врачом-специалистом проведение военно-врачебной экспертизы в военном комиссариате муниципального образования. Участвовать в работе комиссии по первоначальной постановке граждан на воинский учет, призывной комиссии, а также военно-врачебной комиссии в качестве секретаря.</p>","Государственная служба, некоммерческие организации",Среднее профессиональное,<p>На период отсутствия основного работника в отпуске по уходу за ребенком.</p>,0,"[{'location': 'Республика Коми, Троицко-Печорский район, Троицко-Печорск поселок городского типа, Портовая улица, дом 40', 'lng': '56.191939', 'lat': '62.73279'}]",,«руб.»,43269,+7(904)2336056,voenkom_komi@mil.ru,,,+7(8216)727390,,
11881,11881,e35c7235-9558-11ec-92fd-550ed7335bbe,Работодатель,1100000000000,Республика Коми,1031100406930.0,,1031100406930,False,1101481687.0,ВОЕННЫЙ КОМИССАРИАТ РЕСПУБЛИКИ КОМИ,110101001,https://trudvsem.ru/company/1031100406930,2022-02-24,от 23613 до 38942,23613,Фельдшер военного комиссариата (Удорского района Республики Коми) центра (военно-врачебной экспертизы),https://trudvsem.ru/vacancy/card/1031100406930/e35c7235-9558-11ec-92fd-550ed7335bbe,Полная занятость,Полный рабочий день,"<p>Организовывать совместно с врачом-специалистом проведение военно-врачебной экспертизы в военном комиссариате муниципального образования. Участвовать в работе комиссии по первоначальной постановке граждан на воинский учет, призывной комиссии, а также военно-врачебной комиссии в качестве секретаря.</p>","Государственная служба, некоммерческие организации",Среднее профессиональное,,0,"[{'location': 'Республика Коми, Удорский район, Кослан село, Н.Трофимовой улица, дом 17', 'lng': '48.893217', 'lat': '63.458587'}]",,«руб.»,38942,+7(904)2336056,voenkom_komi@mil.ru,,,+7(8216)727390,,
11897,11897,14988a65-930a-11ec-8543-4febb26dc4ec,Работодатель,1100000000000,Республика Коми,1031100406930.0,,1031100406930,False,1101481687.0,ВОЕННЫЙ КОМИССАРИАТ РЕСПУБЛИКИ КОМИ,110101001,https://trudvsem.ru/company/1031100406930,2022-02-21,от 23613 до 31143,23613,Фельдшер центра (военно-врачебной экспертизы),https://trudvsem.ru/vacancy/card/1031100406930/14988a65-930a-11ec-8543-4febb26dc4ec,Полная занятость,Полный рабочий день,"<p>Ведение медицинской учетно-отчетной документации. Представление заявок для оснащения медицинских кабинетов врачей-специалистов инструментарием, медицинским и хозяйственным имуществом. Участие в организации призывной комиссии Республики Коми в качестве секретаря. Ведение протокола заседаний призывной комиссии Республики Коми. Качественное и своевременное оформление дел с протоколами заседаний призывной комиссии.</p>","Государственная служба, некоммерческие организации",Среднее профессиональное,,0,"[{'location': 'Республика Коми, г. Сыктывкар, Катаева улица, дом: 7;', 'lng': '50.810213', 'lat': '61.666077'}]",,«руб.»,31143,+7(904)2336056,voenkom_komi@mil.ru,,,+7(8216)727390,,
11900,11900,db3fb235-955b-11ec-9f92-57fc951f3846,Работодатель,1100000000000,Республика Коми,1031100406930.0,,1031100406930,False,1101481687.0,ВОЕННЫЙ КОМИССАРИАТ РЕСПУБЛИКИ КОМИ,110101001,https://trudvsem.ru/company/1031100406930,2022-02-24,от 23613 до 30110,23613,"Старший помощник начальника отделения (планирования, предназначения, подготовки и учета мобилизационных ресурсов) военного комиссариата (городов Ухта, Вуктыл, Сосногорск, Вуктыльского и Сосногорского районов Республики Коми, муниципального)",https://trudvsem.ru/vacancy/card/1031100406930/db3fb235-955b-11ec-9f92-57fc951f3846,Полная занятость,Полный рабочий день,"<p>Разработка мобилизационных документов и документов по гражданской обороне. Взаимодействие с Главами муниципалитетов.&nbsp; Умение работать на средствах автоматизации (ПЭВМ с операционными системами Windows и программами Microsoft office, на КСА &laquo;Горизонт-МР&raquo;). Отработка мобилизационных документов.</p>","Государственная служба, некоммерческие организации",,,0,"[{'location': 'Республика Коми, г. Ухта, Ленина проспект, дом 36', 'lng': '53.655204', 'lat': '63.57011'}]",,«руб.»,30110,+7(904)2336056,voenkom_komi@mil.ru,,,+7(8216)727390,,
11901,11901,ff673215-a900-11ec-b30d-4febb26dc4ec,Работодатель,1100000000000,Республика Коми,1031100406930.0,,1031100406930,False,1101481687.0,ВОЕННЫЙ КОМИССАРИАТ РЕСПУБЛИКИ КОМИ,110101001,https://trudvsem.ru/company/1031100406930,2022-03-21,от 23613 до 30110,23613,"Помощник начальника отделения (планирования, предназначения, подготовки и учета мобилизационных ресурсов) военного комиссариата (Кн\жпогостского и Усть-Вымского районов Республики Коми)",https://trudvsem.ru/vacancy/card/1031100406930/ff673215-a900-11ec-b30d-4febb26dc4ec,Полная занятость,Полный рабочий день,"<p>Ведение воинского учёта, бронирование граждан пребывающих в запасе, оформление военно-учетных документов. Проведение сверок и проверок с организациями и органами местного самоуправления по вопросам воинского учета и бронирования. Умение работать на средствах автоматизации (ПЭВМ с операционными системами Windows и программами Microsoft office, на КСА &laquo;Горизонт-МР&raquo;). Отработка мобилизационных документов.</p>","Государственная служба, некоммерческие организации",,,0,"[{'location': 'Республика Коми, Княжпогостский район, г. Емва, Пушкина улица, дом 12А', 'lng': '50.881602', 'lat': '62.594512'}]",,«руб.»,30110,+7(904)2336056,voenkom_komi@mil.ru,,,+7(8216)727390,,
12855,12855,142a3232-b7eb-11ec-9aad-bf2cfe8c828d,Служба занятости,7700000000000,г. Москва,1037739388807.0,,1037739388807,False,7710170183.0,"Военный комиссариат (объединенный, Новомосковского и Троицкого административным округам города Москвы)",770201001,https://trudvsem.ru/company/1037739388807,2022-04-09,от 25000 до 29000,25000,Старший помощник военный комиссар,https://trudvsem.ru/vacancy/card/1037739388807/142a3232-b7eb-11ec-9aad-bf2cfe8c828d,Полная занятость,Полный рабочий день,"Должностные обязанности согласно должностной инструкции, предусмотренной в данной организации.","Безопасность, службы охраны",Высшее,финансово-экономическая работа<br/>Ответственность<br/>Работа с компьютером,0,"[{'location': 'г. Москва, 107045, г. Москва, пер Печатников, д. 18, стр.1', 'lng': '37.628972', 'lat': '55.767403'}]",СтоловаяПремии за полугодие и в конце года.,«руб.»,29000,+7(495)7175927,poshta@net.ru,,,,,
14837,14837,19cc50c5-c0a5-11ec-ac55-57fc951f3846,Работодатель,4300000000000,Кировская область,1034316506454.0,,1034316506454,False,4348009352.0,"Федеральное казенное учреждение ""Военный комиссариат Кировской области""",434501001,https://trudvsem.ru/company/1034316506454,2022-04-20,от 16000,16000,помощник начальника отделения (подготовки и призыва граждан на военную службу),https://trudvsem.ru/vacancy/card/1034316506454/19cc50c5-c0a5-11ec-ac55-57fc951f3846,Полная занятость,Полный рабочий день,"<p>Готовить учётно-послужные карточки, ответы по жалобам, заявлениям, просьбам заявителей заведениям по курсам и по годам рождения. Вести их количественный учет, сроки окончания отсрочек в отношении призывников, которые не подлежат призыву, оформление отсрочек от призыва на военную службу и т.д.</p>","Государственная служба, некоммерческие организации",Среднее профессиональное,,3,"[{'location': 'Кировская область, Кирово-Чепецкий район, г. Кирово-Чепецк, Комсомольская улица, 7, г. Кирово-Чепецк, ул. Комсомольская 7а', 'lng': '49.988272', 'lat': '58.562505'}]",Ежемесячная премия 25 %,«руб.»,0,+7(8332)384703,voenkomkirov@mil.ru,,,,,
14862,14862,53e49585-a050-11ec-a175-4febb26dc4ec,Работодатель,4300000000000,Кировская область,1034316506454.0,,1034316506454,False,4348009352.0,"Федеральное казенное учреждение ""Военный комиссариат Кировской области""",434501001,https://trudvsem.ru/company/1034316506454,2022-03-10,от 16000,16000,старший помощник начальника отделения (подготовки и призыва граждан на военную службу),https://trudvsem.ru/vacancy/card/1034316506454/53e49585-a050-11ec-a175-4febb26dc4ec,Полная занятость,Полный рабочий день,"<p>Выписывать повестки на призывников, проводить оповещение призывников, вручать им повестки, принимать участие в сверке личных дел с учётно-алфавитными книгами. Планировать и организовывать мероприятия по изучению призывников, проводить подготовку документов для проведения призыва граждан на военную службу и отправки призывников в ВС РФ. Обеспечивать своевременное и достоверное представление отчётности по учётно-призывной работе, определять вид, род войск и команду предназначения на каждого призывника. Оформлять документы в контрольные органы на призывников в режимные команды.</p>","Государственная служба, некоммерческие организации",Среднее профессиональное,,5,"[{'location': 'Кировская область, г. Киров, Московская улица, 121 а', 'lng': '49.622873', 'lat': '58.603956'}]",,«руб.»,0,+7(8332)384703,voenkomkirov@mil.ru,,,,,
15744,15744,58024205-b673-11ec-a483-4febb26dc4ec,Работодатель,4300000000000,Кировская область,1034316506454.0,,1034316506454,False,4348009352.0,"Федеральное казенное учреждение ""Военный комиссариат Кировской области""",434501001,https://trudvsem.ru/company/1034316506454,2022-04-07,от 16000,16000,старший помощник военного комиссара,https://trudvsem.ru/vacancy/card/1034316506454/58024205-b673-11ec-a483-4febb26dc4ec,Полная занятость,Полный рабочий день,<p>Выполнять комплекс мероприятий по защите информации от несанкционированного доступа. Осуществляет контроль проводимых мероприятий по защите государственной тайны.</p>,"Государственная служба, некоммерческие организации",Высшее,,3,"[{'location': 'Кировская область, Кирово-Чепецкий район, г. Кирово-Чепецк, Комсомольская улица, 7, г. Кирово-Чепецк, ул. Комсомольская 7а', 'lng': '49.988272', 'lat': '58.562505'}]",Ежемесячная премия 25 %,«руб.»,0,+7(8332)384703,voenkomkirov@mil.ru,,,,,
17219,17219,c10a0d92-317c-11ec-a785-bf2cfe8c828d,Работодатель,6400000000000,Саратовская область,1036405209840.0,,1036405209840,False,6452020691.0,САРАТОВСКИЙ ВОЕННЫЙ КРАСНОЗНАМЕННЫЙ ИНСТИТУТ ВОЙСК НАЦИОНАЛЬНОЙ ГВАРДИ,,https://trudvsem.ru/company/1036405209840,2021-11-23,от 31866,31866,Помощник солиста военного оркестра,https://trudvsem.ru/vacancy/card/1036405209840/c10a0d92-317c-11ec-a785-bf2cfe8c828d,Полная занятость,Полный рабочий день,"<p>Общие обязанности военнослужащего, должностные обязанности по оркестровой службе</p>","Искусство, культура и развлечения",Среднее,<p>Военная служба по контракту</p>,0,"[{'location': 'Саратовская область, 410002, г Саратов, ул Московская, д. 158', 'lng': '46.008978', 'lat': '51.540285'}]","Возможность обеспечения служебным (постоянным) жильем, бесплатное питание, медицинское и вещевое обеспечение",«руб.»,0,+7(8452)669118,svivng@yandex.ru,,,,,
17271,17271,564d5d62-abaf-11ec-9aad-bf2cfe8c828d,Служба занятости,8900000000000,Ямало-Ненецкий автономный округ,1028900512431.0,,1028900512431,False,8901003636.0,"Военный комиссариат (Тазовского района, муниципальный, 3 разряда)",891001001,https://trudvsem.ru/company/1028900512431,2022-03-24,от 35000 до 50000,35000,Старший помощник специалист военного представительства 1 категории (класса),https://trudvsem.ru/vacancy/card/1028900512431/564d5d62-abaf-11ec-9aad-bf2cfe8c828d,Полная занятость,Полный рабочий день,"учет и планирование мобилизационных ресурсов, воинский учет                                             .","Безопасность, службы охраны",Высшее,вопросы воинского учета и мобилизации<br/>Работа с компьютером,0,"[{'location': 'Ямало-Ненецкий автономный округ, 629350, п Тазовский, р-н Тазовский, ул Почтовая, д. 12', 'lng': '78.726205', 'lat': '67.47545'}]",Социальный пакет,«руб.»,50000,,,,,,,
17272,17272,565350d2-abaf-11ec-9aad-bf2cfe8c828d,Служба занятости,8900000000000,Ямало-Ненецкий автономный округ,1028900512431.0,,1028900512431,False,8901003636.0,"Военный комиссариат (Тазовского района, муниципальный, 3 разряда)",891001001,https://trudvsem.ru/company/1028900512431,2022-03-24,от 35000 до 45000,35000,Третий специалист военного представительства,https://trudvsem.ru/vacancy/card/1028900512431/565350d2-abaf-11ec-9aad-bf2cfe8c828d,Полная занятость,Полный рабочий день,организация работы по защите информации                                                             .,"Безопасность, службы охраны",Высшее,старший помощник военного комиссара ( по защите информации)<br/>Знание основ работы с компьютером,0,"[{'location': 'Ямало-Ненецкий автономный округ, 629350, п Тазовский, р-н Тазовский, ул Почтовая, д. 12', 'lng': '78.726205', 'lat': '67.47545'}]",Социальный пакет,«руб.»,45000,,,,,,,
17497,17497,b16845b2-0c5f-11ec-9dd6-bf2cfe8c828d,Служба занятости,2200000000000,Алтайский край,1022201766916.0,,1022201766916,False,2225028954.0,Военный комиссариат Алтайского края,222501001,https://trudvsem.ru/company/1022201766916,2022-03-01,от 17400 до 17400,17400,Старший помощник военный комиссар,https://trudvsem.ru/vacancy/card/1022201766916/b16845b2-0c5f-11ec-9dd6-bf2cfe8c828d,Полная занятость,Полный рабочий день,"РАБОТА С ДОКУМЕНТАМИ И ИНФОРМАЦИЕЙ, ВЫПОЛНЕНИЕ РАСПОРЯЖЕНИЙ РУКОВОДИТЕЛЯ.","Безопасность, службы охраны",Высшее,Сохраненное рабочее место<br/>ПО ФИНАНСОВО-ЭКОНОМИЧЕСКОЙ РАБОТЕ<br/>Ответственность,1,"[{'location': 'Алтайский край, 656031, г Барнаул, пр-кт Строителей, д. 54, ПОДХ.ПОСТ ДЕЖУРНОГО', 'lng': '83.751443', 'lat': '53.343678'}]",ЗдравохранениеСоциальный пакетЛьготная пенсия,«руб.»,17400,+7(3852)553458,povsk-barnaul@mail.ru,,,,,
19669,19669,69c0aeb2-79f0-11ec-b378-bf2cfe8c828d,Служба занятости,7700000000000,г. Москва,1037739388807.0,,1037739388807,False,7710170183.0,"Военный комиссариат (объединенный, Новомосковского и Троицкого административным округам города Москвы)",770201001,https://trudvsem.ru/company/1037739388807,2022-02-19,от 23000 до 25000,23000,Старший помощник военный комиссар,https://trudvsem.ru/vacancy/card/1037739388807/69c0aeb2-79f0-11ec-b378-bf2cfe8c828d,Полная занятость,Полный рабочий день,"Осуществление технической поддержки программного обеспечения учреждения, выполнение требований по организации защиты информации.","Безопасность, службы охраны",Высшее,Старший Помощник военного комиссара АСУ<br/>Работа с компьютером,1,"[{'location': 'г. Москва, 105043, г. Москва, ул Парковая 5-я, д. 30А, Приёмные дни: понедельник, среда с 10:00 до 17:00 перерыв с 13:00 до 14:00'}]",Социальный пакетОклад 11186 + премия + соц.выплаты,«руб.»,25000,+7(495)7175927,poshta@net.ru,,,,,
19715,19715,3af2c676-d8a3-11eb-85a2-6db06c9eaf56,Работодатель,6600000000000,Свердловская область,1036603981006.0,,0ecffe10-c1dc-11eb-a1ad-3bfa22f2d66b,False,6661014490.0,"""ВОЕННЫЙ КОМИССАРИАТ СВЕРДЛОВСКОЙ ОБЛАСТИ""",667101001,https://trudvsem.ru/company/0ecffe10-c1dc-11eb-a1ad-3bfa22f2d66b,2021-06-29,от 15974 до 16000,15974,Медицинская сестра центра (военно-врачебной экспертизы),https://trudvsem.ru/vacancy/card/0ecffe10-c1dc-11eb-a1ad-3bfa22f2d66b/3af2c676-d8a3-11eb-85a2-6db06c9eaf56,Частичная занятость,Полный рабочий день,"<p>Проведение военно-врачебной экспертизы граждан, призываемых (поступающих) на военную службу.</p>","Государственная служба, некоммерческие организации",Среднее профессиональное,,0,"[{'location': 'Свердловская область, г. Качканар, 10-й микрорайон, 61', 'lng': '59.462273', 'lat': '58.691668'}]",Ежемесячная премия 3000,«руб.»,16000,,,,,,,
19717,19717,cb2feb30-d96d-11eb-b800-69632329477c,Работодатель,6600000000000,Свердловская область,1036603981006.0,,0ecffe10-c1dc-11eb-a1ad-3bfa22f2d66b,False,6661014490.0,"""ВОЕННЫЙ КОМИССАРИАТ СВЕРДЛОВСКОЙ ОБЛАСТИ""",667101001,https://trudvsem.ru/company/0ecffe10-c1dc-11eb-a1ad-3bfa22f2d66b,2021-06-30,от 16900 до 21300,16900,Старший помощник начальника отделения (подготовки и призыва граждан на военную службу),https://trudvsem.ru/vacancy/card/0ecffe10-c1dc-11eb-a1ad-3bfa22f2d66b/cb2feb30-d96d-11eb-b800-69632329477c,Полная занятость,Полный рабочий день,"<p>Организация и ведение учета граждан, подлежащих призыву на военную службу, и их призыв на военную службу&nbsp;</p>","Государственная служба, некоммерческие организации",Среднее профессиональное,,0,"[{'location': 'Свердловская область, г. Нижний Тагил, Бажова улица, 5', 'lng': '60.112303', 'lat': '57.921986'}]",Ежемесячная премия 1800,«руб.»,21300,,,,,,,
19718,19718,39f487e6-d975-11eb-81a0-c92c5fcfa4a0,Работодатель,6600000000000,Свердловская область,1036603981006.0,,0ecffe10-c1dc-11eb-a1ad-3bfa22f2d66b,False,6661014490.0,"""ВОЕННЫЙ КОМИССАРИАТ СВЕРДЛОВСКОЙ ОБЛАСТИ""",667101001,https://trudvsem.ru/company/0ecffe10-c1dc-11eb-a1ad-3bfa22f2d66b,2021-06-30,от 16900 до 21300,16900,Старший помощник военного комиссара,https://trudvsem.ru/vacancy/card/0ecffe10-c1dc-11eb-a1ad-3bfa22f2d66b/39f487e6-d975-11eb-81a0-c92c5fcfa4a0,Полная занятость,Полный рабочий день,<p>Организация и обеспечение защиты информации</p>,"Государственная служба, некоммерческие организации",Высшее,,0,"[{'location': 'Свердловская область, г. Ирбит, Советская улица, 44А', 'lng': '63.067195', 'lat': '57.676244'}]",Ежемесячная премия 1800,«руб.»,21300,,,,,,,
19719,19719,9e563955-2366-11ec-ab26-435dcfab4560,Работодатель,6600000000000,Свердловская область,1036603981006.0,,0ecffe10-c1dc-11eb-a1ad-3bfa22f2d66b,False,6661014490.0,"""ВОЕННЫЙ КОМИССАРИАТ СВЕРДЛОВСКОЙ ОБЛАСТИ""",667101001,https://trudvsem.ru/company/0ecffe10-c1dc-11eb-a1ad-3bfa22f2d66b,2021-10-02,от 15974 до 17100,15974,Старший помощник военного комиссара,https://trudvsem.ru/vacancy/card/0ecffe10-c1dc-11eb-a1ad-3bfa22f2d66b/9e563955-2366-11ec-ab26-435dcfab4560,Полная занятость,Полный рабочий день,<p>Организация и обеспечение защиты информации</p>,"Государственная служба, некоммерческие организации",Высшее,,0,"[{'location': 'Свердловская область, Богдановичский район, г. Богданович, Ленина улица, 7', 'lng': '62.058467', 'lat': '56.771901'}]",,«руб.»,17100,,,,,,,
19727,19727,2561c526-d8a5-11eb-85a2-6db06c9eaf56,Работодатель,6600000000000,Свердловская область,1036603981006.0,,0ecffe10-c1dc-11eb-a1ad-3bfa22f2d66b,False,6661014490.0,"""ВОЕННЫЙ КОМИССАРИАТ СВЕРДЛОВСКОЙ ОБЛАСТИ""",667101001,https://trudvsem.ru/company/0ecffe10-c1dc-11eb-a1ad-3bfa22f2d66b,2021-06-29,от 15974 до 18400,15974,Медицинская сестра центра (военно-врачебной экспертизы),https://trudvsem.ru/vacancy/card/0ecffe10-c1dc-11eb-a1ad-3bfa22f2d66b/2561c526-d8a5-11eb-85a2-6db06c9eaf56,Частичная занятость,Полный рабочий день,"<p>Проведение военно-врачебной экспертизы граждан, призываемых (поступающих) на военную службу.</p>","Государственная служба, некоммерческие организации",Среднее профессиональное,,0,"[{'location': 'Свердловская область, г. Екатеринбург, Вишневая улица, 49А', 'lng': '60.650628', 'lat': '56.832585'}]",Ежемесячная премия 1800,«руб.»,18400,,,,,,,
19728,19728,1171dec6-d8a9-11eb-b505-c92c5fcfa4a0,Работодатель,6600000000000,Свердловская область,1036603981006.0,,0ecffe10-c1dc-11eb-a1ad-3bfa22f2d66b,False,6661014490.0,"""ВОЕННЫЙ КОМИССАРИАТ СВЕРДЛОВСКОЙ ОБЛАСТИ""",667101001,https://trudvsem.ru/company/0ecffe10-c1dc-11eb-a1ad-3bfa22f2d66b,2021-06-29,от 15974 до 18400,15974,Фельдшер центра (военно-врачебной экспертизы),https://trudvsem.ru/vacancy/card/0ecffe10-c1dc-11eb-a1ad-3bfa22f2d66b/1171dec6-d8a9-11eb-b505-c92c5fcfa4a0,Полная занятость,Полный рабочий день,"<p>Проведение военно-врачебной экспертизы граждан, призываемых (поступающих) на военную службу.</p>","Государственная служба, некоммерческие организации",Среднее профессиональное,,0,"[{'location': 'Свердловская область, г. Березовский, Революционная улица, 2', 'lng': '60.792364', 'lat': '56.912434'}]",Ежемесячная премия 2800,«руб.»,18400,,,,,,,
19729,19729,e221ca36-d8a9-11eb-85a2-6db06c9eaf56,Работодатель,6600000000000,Свердловская область,1036603981006.0,,0ecffe10-c1dc-11eb-a1ad-3bfa22f2d66b,False,6661014490.0,"""ВОЕННЫЙ КОМИССАРИАТ СВЕРДЛОВСКОЙ ОБЛАСТИ""",667101001,https://trudvsem.ru/company/0ecffe10-c1dc-11eb-a1ad-3bfa22f2d66b,2021-06-29,от 15974 до 18400,15974,Фельдшер (центра военно-врачебной экспертизы),https://trudvsem.ru/vacancy/card/0ecffe10-c1dc-11eb-a1ad-3bfa22f2d66b/e221ca36-d8a9-11eb-85a2-6db06c9eaf56,Полная занятость,Полный рабочий день,<p>Проведение военно-врачебной экспертизы граждан призываемых (поступающих) на военную службу</p>,"Государственная служба, некоммерческие организации",Среднее профессиональное,,0,"[{'location': 'Свердловская область, г. Екатеринбург, Санаторная улица, 6', 'lng': '60.613114', 'lat': '56.769301'}]",Ежемесячная премия 1800,«руб.»,18400,,,,,,,
19732,19732,919bf2e6-d95b-11eb-b82d-e736a3d3ed84,Работодатель,6600000000000,Свердловская область,1036603981006.0,,0ecffe10-c1dc-11eb-a1ad-3bfa22f2d66b,False,6661014490.0,"""ВОЕННЫЙ КОМИССАРИАТ СВЕРДЛОВСКОЙ ОБЛАСТИ""",667101001,https://trudvsem.ru/company/0ecffe10-c1dc-11eb-a1ad-3bfa22f2d66b,2021-06-30,от 16900 до 21300,16900,Старший помощник военного комиссара,https://trudvsem.ru/vacancy/card/0ecffe10-c1dc-11eb-a1ad-3bfa22f2d66b/919bf2e6-d95b-11eb-b82d-e736a3d3ed84,Полная занятость,Полный рабочий день,<p>Обеспечение защиты информации&nbsp;</p>,"Государственная служба, некоммерческие организации",Высшее,,0,"[{'location': 'Свердловская область, г. Серов, Зеленая улица, 28', 'lng': '60.57428', 'lat': '59.608086'}]",Ежемесячная премия 3000,«руб.»,21300,,,,,,,
19734,19734,2a34f906-d95e-11eb-b82d-e736a3d3ed84,Работодатель,6600000000000,Свердловская область,1036603981006.0,,0ecffe10-c1dc-11eb-a1ad-3bfa22f2d66b,False,6661014490.0,"""ВОЕННЫЙ КОМИССАРИАТ СВЕРДЛОВСКОЙ ОБЛАСТИ""",667101001,https://trudvsem.ru/company/0ecffe10-c1dc-11eb-a1ad-3bfa22f2d66b,2021-06-30,от 16900 до 21300,16900,Старший помощник начальника отделения (по АСУ) отделения (подготовки и призыва граждан на военную службу),https://trudvsem.ru/vacancy/card/0ecffe10-c1dc-11eb-a1ad-3bfa22f2d66b/2a34f906-d95e-11eb-b82d-e736a3d3ed84,Полная занятость,Полный рабочий день,<p>Эксплуатация программного обеспечения</p>,"Государственная служба, некоммерческие организации",Высшее,,0,"[{'location': 'Свердловская область, г. Ирбит, Советская улица, 44А', 'lng': '63.067195', 'lat': '57.676244'}]",Ежемесячная премия 1800,«руб.»,21300,,,,,,,
19737,19737,471644c6-d968-11eb-b82d-e736a3d3ed84,Работодатель,6600000000000,Свердловская область,1036603981006.0,,0ecffe10-c1dc-11eb-a1ad-3bfa22f2d66b,False,6661014490.0,"""ВОЕННЫЙ КОМИССАРИАТ СВЕРДЛОВСКОЙ ОБЛАСТИ""",667101001,https://trudvsem.ru/company/0ecffe10-c1dc-11eb-a1ad-3bfa22f2d66b,2021-06-30,от 15974 до 18400,15974,Помощник начальника отделения (подготовки и призыва граждан на военную службу),https://trudvsem.ru/vacancy/card/0ecffe10-c1dc-11eb-a1ad-3bfa22f2d66b/471644c6-d968-11eb-b82d-e736a3d3ed84,Полная занятость,Полный рабочий день,"<p>Ведение воинского учета граждан, подлежащих призыву на военную службу</p>","Государственная служба, некоммерческие организации",Среднее профессиональное,,0,"[{'location': 'Свердловская область, г. Качканар, 10-й микрорайон, 61', 'lng': '59.462273', 'lat': '58.691668'}]",,«руб.»,18400,,,,,,,
19738,19738,4f08a726-d96a-11eb-b82d-e736a3d3ed84,Работодатель,6600000000000,Свердловская область,1036603981006.0,,0ecffe10-c1dc-11eb-a1ad-3bfa22f2d66b,False,6661014490.0,"""ВОЕННЫЙ КОМИССАРИАТ СВЕРДЛОВСКОЙ ОБЛАСТИ""",667101001,https://trudvsem.ru/company/0ecffe10-c1dc-11eb-a1ad-3bfa22f2d66b,2021-06-30,от 16900 до 21300,16900,Старший помощник военного комиссара,https://trudvsem.ru/vacancy/card/0ecffe10-c1dc-11eb-a1ad-3bfa22f2d66b/4f08a726-d96a-11eb-b82d-e736a3d3ed84,Полная занятость,Полный рабочий день,<p>Организация и обеспечение защиты информации</p>,"Государственная служба, некоммерческие организации",Высшее,,0,"[{'location': 'Свердловская область, г. Качканар, 10-й микрорайон, 61', 'lng': '59.462273', 'lat': '58.691668'}]",Ежемесячная премия 1800,«руб.»,21300,,,,,,,
19739,19739,bfff37a6-d974-11eb-81a0-c92c5fcfa4a0,Работодатель,6600000000000,Свердловская область,1036603981006.0,,0ecffe10-c1dc-11eb-a1ad-3bfa22f2d66b,False,6661014490.0,"""ВОЕННЫЙ КОМИССАРИАТ СВЕРДЛОВСКОЙ ОБЛАСТИ""",667101001,https://trudvsem.ru/company/0ecffe10-c1dc-11eb-a1ad-3bfa22f2d66b,2021-06-30,от 15974 до 18400,15974,Помощник начальника отделения (подготовки и призыва граждан на военную службу),https://trudvsem.ru/vacancy/card/0ecffe10-c1dc-11eb-a1ad-3bfa22f2d66b/bfff37a6-d974-11eb-81a0-c92c5fcfa4a0,Полная занятость,Полный рабочий день,"<p>Ведение воинского учета граждан, подлежащих призыву на военную службу.</p>","Государственная служба, некоммерческие организации",Среднее профессиональное,,0,"[{'location': 'Свердловская область, г. Екатеринбург, Плотников улица, 15Б', 'lng': '60.540665', 'lat': '56.834254'}]",Ежемесячная премия 1800,«руб.»,18400,,,,,,,
19741,19741,3f3387d5-236a-11ec-ab26-435dcfab4560,Работодатель,6600000000000,Свердловская область,1036603981006.0,,0ecffe10-c1dc-11eb-a1ad-3bfa22f2d66b,False,6661014490.0,"""ВОЕННЫЙ КОМИССАРИАТ СВЕРДЛОВСКОЙ ОБЛАСТИ""",667101001,https://trudvsem.ru/company/0ecffe10-c1dc-11eb-a1ad-3bfa22f2d66b,2021-10-02,от 15974 до 19400,15974,Старший помощник военного комиссара (по правовой работе),https://trudvsem.ru/vacancy/card/0ecffe10-c1dc-11eb-a1ad-3bfa22f2d66b/3f3387d5-236a-11ec-ab26-435dcfab4560,Полная занятость,Полный рабочий день,"<p>Правовая экспертиза служебных документов, представительство в судах</p>","Государственная служба, некоммерческие организации",Высшее,,0,"[{'location': 'Свердловская область, г. Ирбит, Советская улица, 44', 'lng': '63.066566', 'lat': '57.676018'}]",Ежемесячная премия 1800,«руб.»,19400,,,,,,,
19742,19742,191bcdb5-236e-11ec-ab26-435dcfab4560,Работодатель,6600000000000,Свердловская область,1036603981006.0,,0ecffe10-c1dc-11eb-a1ad-3bfa22f2d66b,False,6661014490.0,"""ВОЕННЫЙ КОМИССАРИАТ СВЕРДЛОВСКОЙ ОБЛАСТИ""",667101001,https://trudvsem.ru/company/0ecffe10-c1dc-11eb-a1ad-3bfa22f2d66b,2021-10-02,от 16900 до 21300,16900,Старший помощник военного комиссара (по правовой работе),https://trudvsem.ru/vacancy/card/0ecffe10-c1dc-11eb-a1ad-3bfa22f2d66b/191bcdb5-236e-11ec-ab26-435dcfab4560,Полная занятость,Полный рабочий день,"<p>Ведение правовой экспертизы служебных документов, представительство в судах</p>","Государственная служба, некоммерческие организации",,,0,"[{'location': 'Свердловская область, г. Качканар, 10-й микрорайон, 61', 'lng': '59.462273', 'lat': '58.691668'}]",Ежемесячная премия 1799,«руб.»,21300,,,,,,,
19744,19744,a79d2b05-236f-11ec-ab26-435dcfab4560,Работодатель,6600000000000,Свердловская область,1036603981006.0,,0ecffe10-c1dc-11eb-a1ad-3bfa22f2d66b,False,6661014490.0,"""ВОЕННЫЙ КОМИССАРИАТ СВЕРДЛОВСКОЙ ОБЛАСТИ""",667101001,https://trudvsem.ru/company/0ecffe10-c1dc-11eb-a1ad-3bfa22f2d66b,2021-10-02,от 15974 до 18400,15974,Помощник начальника отделения (подготовки и призыва граждан на военную службу),https://trudvsem.ru/vacancy/card/0ecffe10-c1dc-11eb-a1ad-3bfa22f2d66b/a79d2b05-236f-11ec-ab26-435dcfab4560,Полная занятость,Полный рабочий день,"<p>Ведение документов воинского учета граждан, подлежащих призыву на военную службу</p>","Государственная служба, некоммерческие организации",,,0,"[{'location': 'Свердловская область, г. Екатеринбург, Вишневая улица, 49', 'lng': '60.649873', 'lat': '56.832349'}]",Ежемесячная премия 1799,«руб.»,18400,,,,,,,
19746,19746,832ecca5-3180-11ec-a3a7-550ed7335bbe,Работодатель,6600000000000,Свердловская область,1036603981006.0,,0ecffe10-c1dc-11eb-a1ad-3bfa22f2d66b,False,6661014490.0,"""ВОЕННЫЙ КОМИССАРИАТ СВЕРДЛОВСКОЙ ОБЛАСТИ""",667101001,https://trudvsem.ru/company/0ecffe10-c1dc-11eb-a1ad-3bfa22f2d66b,2021-10-20,от 15974 до 18400,15974,Помощник начальника отделения (подготовки и призыва граждан на военную службу),https://trudvsem.ru/vacancy/card/0ecffe10-c1dc-11eb-a1ad-3bfa22f2d66b/832ecca5-3180-11ec-a3a7-550ed7335bbe,Полная занятость,Полный рабочий день,"<p>Ведение документального воинского учета граждан, подлежащих призыву на военную службу</p>","Государственная служба, некоммерческие организации",Среднее профессиональное,,0,"[{'location': 'Свердловская область, г. Екатеринбург, Машиностроителей улица, 33', 'lng': '60.582032', 'lat': '56.884478'}]",Ежемесячная премия 2800,«руб.»,18400,,,,,,,
19750,19750,e68c2b75-45d1-11ec-a906-57fc951f3846,Работодатель,6600000000000,Свердловская область,1036603981006.0,,0ecffe10-c1dc-11eb-a1ad-3bfa22f2d66b,False,6661014490.0,"""ВОЕННЫЙ КОМИССАРИАТ СВЕРДЛОВСКОЙ ОБЛАСТИ""",667101001,https://trudvsem.ru/company/0ecffe10-c1dc-11eb-a1ad-3bfa22f2d66b,2021-11-15,от 15974 до 18400,15974,Помощник начальника отделения (подготовки и призыва граждан на военную службу),https://trudvsem.ru/vacancy/card/0ecffe10-c1dc-11eb-a1ad-3bfa22f2d66b/e68c2b75-45d1-11ec-a906-57fc951f3846,Полная занятость,Полный рабочий день,"<p>Ведение воинского учета граждан, подлежащих призыву на военную службу</p>","Государственная служба, некоммерческие организации",Среднее профессиональное,,0,"[{'location': 'Свердловская область, г. Нижний Тагил, Бажова улица, 5', 'lng': '60.112303', 'lat': '57.921986'}]",,«руб.»,18400,,,,,,,
19755,19755,84e409e5-b4aa-11ec-a483-4febb26dc4ec,Работодатель,6600000000000,Свердловская область,1036603981006.0,,0ecffe10-c1dc-11eb-a1ad-3bfa22f2d66b,False,6661014490.0,"""ВОЕННЫЙ КОМИССАРИАТ СВЕРДЛОВСКОЙ ОБЛАСТИ""",667101001,https://trudvsem.ru/company/0ecffe10-c1dc-11eb-a1ad-3bfa22f2d66b,2022-04-05,от 18000 до 22000,18000,Начальник отделения (подготовки и призыва граждан на военную службу),https://trudvsem.ru/vacancy/card/0ecffe10-c1dc-11eb-a1ad-3bfa22f2d66b/84e409e5-b4aa-11ec-a483-4febb26dc4ec,Полная занятость,Полный рабочий день,"<p>Руководит работой отделения подготовки и призыва граждан на военную службу. Проводит работу по повышению квалификации кадров. Организует работу по реализации приказов и директив вышестоящих органов военного управления. Осуществляет контроль за выполнением требований служебных документов. Обеспечивает условия для сохранения государственной тайны работниками тделения. Участвует в разработке мероприятий, направленных на обеспечение секретности работ и сохранности документов, в проведении профилактических мер по предотвращению утрат документов и разглашению секретных сведений. Разрабатывает методические документы (инструкции, рекомендации, информационные письма), касающиеся подготовки и призыва граждан на военную службу. Проводит занятия и сборы с работниками организаций и военнообязанными, закрепленными за военным комиссариатом. Организует работу совместно с органами местного самоуправления и медицинскими организациями (военно-медицинскими учреждениями) по медицинскому освидетельствованию граждан, подлежащих первоначальной постановке на воинский учет и осуществляет контроль за прохождением ими медицинского обследования. Проводит мероприятия по военно-профессиональной ориентации и профессиональному психологическому отбору граждан, подлежащих первоначальной постановке на воинский учет или призыву на военную службу, и граждан, поступающих в военные образовательные организации высшего образования. Организует и проводит предварительный отбор граждан, изъявивших желание поступать в военные профессиональные образовательные организации и военные образовательные организации высшего образования, а также в образовательные организации среднего (полного) общего образования с дополнительными образовательными программами, имеющими целью военную подготовку несовершеннолетних граждан в порядке, установленном Правительством Российской Федерации. Обеспечивает выполнение установленных для муниципальных образований норм призыва граждан Российской Федерации на военную службу. Осуществляет учет граждан Российской Федерации, уклоняющихся от призыва на военную службу, направляет соответствующие материалы руководителю следственного органа Следственного комитета Российской Федерации по месту жительства указанных граждан для решения вопроса о привлечении их к ответственности в соответствии с законодательством Российской Федерации. Проводит с участием органов местного самоуправления мероприятия, связанные с реализацией гражданами конституционного права на замену военной службы по призыву альтернативной гражданской службой. Участвует совместно с высшими учебными заведениями в подготовке документов воинского учета и материалов для присвоения первого воинского звания офицера гражданам, завершившим обучение по программе военной подготовки в учебных военных центрах и (или) на военных кафедрах при высших учебных заведениях и окончившим их.</p>","Государственная служба, некоммерческие организации",Высшее,,0,"[{'location': 'Свердловская область, г. Заречный, Октябрьская улица, 11', 'lng': '61.338962', 'lat': '56.811428'}]",,«руб.»,22000,,,,,,,
19767,19767,5e220932-aaee-11ec-9aad-bf2cfe8c828d,Служба занятости,2300000000000,Краснодарский край,1022301621726.0,,1022301621726,False,2310032694.0,"ФЕДЕРАЛЬНОЕ КАЗЕННОЕ УЧРЕЖДЕНИЕ ""ВОЕННЫЙ КОМИССАРИАТ КРАСНОДАРСКОГО КРАЯ""",231001001,https://trudvsem.ru/company/1022301621726,2022-03-24,от 13890 до 16000,13890,Старший помощник военный комиссар,https://trudvsem.ru/vacancy/card/1022301621726/5e220932-aaee-11ec-9aad-bf2cfe8c828d,Полная занятость,Полный рабочий день,"Добросовестное выполнение должностных обязанностей, установленных работодателем","Безопасность, службы охраны",Среднее профессиональное,старший помощник военного комиссара<br/>Ответственность,1,"[{'location': 'Краснодарский край, 353800, ст-ца Полтавская, р-н Красноармейский, ул Садовая, д. 77', 'lng': '38.215114', 'lat': '45.353945'}]",Социальный пакет,«руб.»,16000,+7(86162)62892,vakansii@dgsz.krasnodar.ru,,,,,
19768,19768,5e29f870-aaee-11ec-9aad-bf2cfe8c828d,Служба занятости,2300000000000,Краснодарский край,1022301621726.0,,1022301621726,False,2310032694.0,"ФЕДЕРАЛЬНОЕ КАЗЕННОЕ УЧРЕЖДЕНИЕ ""ВОЕННЫЙ КОМИССАРИАТ КРАСНОДАРСКОГО КРАЯ""",231001001,https://trudvsem.ru/company/1022301621726,2022-03-24,от 13890 до 16000,13890,Старший помощник военный комиссар,https://trudvsem.ru/vacancy/card/1022301621726/5e29f870-aaee-11ec-9aad-bf2cfe8c828d,Полная занятость,Полный рабочий день,"Добросовестное выполнение должностных обязанностей, установленных работодателем","Безопасность, службы охраны",Высшее,"старший помощник военного комиссара по финансово-экономической, социальной и пенсионной работе<br/>Ответственность",1,"[{'location': 'Краснодарский край, 353800, ст-ца Полтавская, р-н Красноармейский, ул Садовая, д. 77', 'lng': '38.215114', 'lat': '45.353945'}]",Социальный пакет,«руб.»,16000,+7(86162)62892,vakansii@dgsz.krasnodar.ru,,,,,
19771,19771,d716e462-1cdb-11ec-a785-bf2cfe8c828d,Служба занятости,2300000000000,Краснодарский край,1022301621726.0,,1022301621726,False,2310032694.0,"ФЕДЕРАЛЬНОЕ КАЗЕННОЕ УЧРЕЖДЕНИЕ ""ВОЕННЫЙ КОМИССАРИАТ КРАСНОДАРСКОГО КРАЯ""",231001001,https://trudvsem.ru/company/1022301621726,2022-03-11,от 15000 до 15000,15000,Старший помощник военный комиссар,https://trudvsem.ru/vacancy/card/1022301621726/d716e462-1cdb-11ec-a785-bf2cfe8c828d,Полная занятость,Полный рабочий день,"Добросовестное выполнение должностных обязанностей, установленных работодателем","Безопасность, службы охраны",Высшее,оператор ПК (контроль информационной безопасности)<br/>Ответственность<br/>Свободная работа с компьютером,0,"[{'location': 'Краснодарский край, 352800, г Туапсе, р-н Туапсинский, д. 5, Пушкина', 'lng': '39.09884', 'lat': '44.098741'}]",Социальный пакет,«руб.»,15000,+7(86162)62892,vakansii@dgsz.krasnodar.ru,,,,,
19794,19794,91897ad5-8319-11ec-ab76-550ed7335bbe,Работодатель,8600000000000,Ханты-Мансийский автономный округ - Югра,1028600510476.0,,1028600510476,False,8601011386.0,ФКУ Военный комиссариат,860101001,https://trudvsem.ru/company/1028600510476,2022-02-01,от 30000 до 38000,30000,Старший помощник военного комиссара (по обеспечению безопасности информации),https://trudvsem.ru/vacancy/card/1028600510476/91897ad5-8319-11ec-ab76-550ed7335bbe,Полная занятость,Полный рабочий день,<p>Осуществление контроля&nbsp; и выполнения комплекса мероприятий по защите информации от несанкционированного доступа на средствах вычислительной техники. Предоставлять отчетные донесения согласно табеля срочных донесений.</p>,"Информационные технологии, телекоммуникации, связь",Высшее,,0,"[{'location': 'Ханты-Мансийский автономный округ - Югра, г. Ханты-Мансийск, Дзержинского улица, 10, Остановка ""Главпочтамт"", автобус, № 5\n', 'lng': '69.022028', 'lat': '61.005229'}]",,«руб.»,38000,+7(34676)24864,voenkomhm@mil.ru,,,,,
19795,19795,4d9f7175-8414-11ec-a92f-57fc951f3846,Работодатель,8600000000000,Ханты-Мансийский автономный округ - Югра,1028600510476.0,,1028600510476,False,8601011386.0,ФКУ Военный комиссариат,860101001,https://trudvsem.ru/company/1028600510476,2022-02-02,от 32000 до 40000,32000,Старший помощник военного комиссара (по обеспечению безопасности информации),https://trudvsem.ru/vacancy/card/1028600510476/4d9f7175-8414-11ec-a92f-57fc951f3846,Полная занятость,Полный рабочий день,"<p>Планирование и выполнение мероприятий по защите информации от несанкционированного доступа. Контроль за состоянием средств антивирусной защиты на объектах вычислительной техники. Представление отчетных донесений согласно табеля срочных донесений. Знать законодательные и иные нормативные правовые акты РФ в области обороны, в том числе регламентирующие деятельность военных комиссариатов. Уверенный пользователь ПК&nbsp;</p>","Информационные технологии, телекоммуникации, связь",Высшее,,3,"[{'location': 'Ханты-Мансийский автономный округ - Югра, г. Нягань, 6-й проезд, 4', 'lng': '65.401009', 'lat': '62.131339'}]",,«руб.»,40000,+7(34676)24864,voenkomhm@mil.ru,,,,,
19989,19989,22de72a5-4df6-11ec-90cb-57fc951f3846,Работодатель,7200000000000,Тюменская область,1026901951295.0,,1026901951295,False,6916006844.0,Воинская часть,691601001,https://trudvsem.ru/company/1026901951295,2021-11-25,от 25000 до 40000,25000,военнослужащий по контракту,https://trudvsem.ru/vacancy/card/1026901951295/22de72a5-4df6-11ec-90cb-57fc951f3846,Полная занятость,Сменный график,<p>Военная служба по контракту</p>,"Государственная служба, некоммерческие организации",Среднее профессиональное,"<p>место дислокации воинской части в Тверской области, город Удомля</p>",0,"[{'location': 'Тюменская область, г. Тюмень, Республики улица, 1, место дислокации воинской части в Тверской области, город Удомля', 'lng': '65.524599', 'lat': '57.161464'}]",Ежегодная премия 100 %,«руб.»,40000,+7(980)6295455,3679fs@rambler.ru,,,,,
20099,20099,f3a18372-f0d9-11eb-9dd6-bf2cfe8c828d,Служба занятости,2300000000000,Краснодарский край,1022301621726.0,,1022301621726,False,2310032694.0,"ФЕДЕРАЛЬНОЕ КАЗЕННОЕ УЧРЕЖДЕНИЕ ""ВОЕННЫЙ КОМИССАРИАТ КРАСНОДАРСКОГО КРАЯ""",231001001,https://trudvsem.ru/company/1022301621726,2022-03-11,от 15000 до 15000,15000,Старший помощник военный комиссар,https://trudvsem.ru/vacancy/card/1022301621726/f3a18372-f0d9-11eb-9dd6-bf2cfe8c828d,Полная занятость,Полный рабочий день,"Добросовестное выполнение должностных обязанностей, установленных работодателем","Безопасность, службы охраны",Высшее,по защите информации<br/>Свободная работа с компьютером,0,"[{'location': 'Краснодарский край, 353500, г Темрюк, р-н Темрюкский, ул Октябрьская, д. 5А', 'lng': '37.361831', 'lat': '45.282913'}]",Социальный пакет,«руб.»,15000,+7(86162)62892,vakansii@dgsz.krasnodar.ru,,,,,
22695,22695,d4d49575-c614-11ec-b4ff-57fc951f3846,Работодатель,200000000000,Республика Башкортостан,1020202770070.0,,1020202770070,False,275012096.0,Отдел Военного комиссариата Республики Башкортостан по Аургазинскому и Гафурийскому районам,,https://trudvsem.ru/company/1020202770070,2022-04-27,от 18000,18000,"старший помощник военного комиссара по финансово-экономической, социально-пенсионной работе",https://trudvsem.ru/vacancy/card/1020202770070/d4d49575-c614-11ec-b4ff-57fc951f3846,Полная занятость,Полный рабочий день,"<p>Оказывает помощь в организации работы отделения муниципального военного комиссариата, в том числе по реализации приказов вышестоящих органов военного управления, разработке проектов приказов, директив, распоряжений и указаний военного комиссара, выборе способов и методов обоснования принимаемых решений, контроле за выполнением требований служебных документов.</p>","Безопасность, службы охраны",Высшее,,0,"[{'location': 'Республика Башкортостан, Бирский район, г. Бирск, Мира улица, 66', 'lng': '55.542852', 'lat': '55.413101'}]",,«руб.»,0,,,,,,,
22696,22696,b42e6365-c613-11ec-9427-550ed7335bbe,Работодатель,200000000000,Республика Башкортостан,1020202770070.0,,1020202770070,False,275012096.0,Отдел Военного комиссариата Республики Башкортостан по Аургазинскому и Гафурийскому районам,,https://trudvsem.ru/company/1020202770070,2022-04-27,от 16330,16330,помощник начальника отделения подготовки и призыва граждан на военную службу,https://trudvsem.ru/vacancy/card/1020202770070/b42e6365-c613-11ec-9427-550ed7335bbe,Полная занятость,Полный рабочий день,<p>Проводит работу по повышению квалификации кадров. Организует работу по реализации приказов и директив вышестоящих органов <b>военного</b>&nbsp;управления.</p>,"Безопасность, службы охраны",Среднее профессиональное,,0,"[{'location': 'Республика Башкортостан, Бирский район, г. Бирск, Мира улица, 66', 'lng': '55.542852', 'lat': '55.413101'}]",,«руб.»,0,,,,,,,
23343,23343,7e7fb152-b5f7-11ec-9aad-bf2cfe8c828d,Служба занятости,6900000000000,Тверская область,1026901604476.0,,1026901604476,False,6905004027.0,Военный комиссариат Вышневолоцкого городского округа и Фировского района Тверской области,690801001,https://trudvsem.ru/company/1026901604476,2022-04-07,от 15000,15000,Старший помощник военный комиссар,https://trudvsem.ru/vacancy/card/1026901604476/7e7fb152-b5f7-11ec-9aad-bf2cfe8c828d,Полная занятость,Полный рабочий день,Должностные обязанности уточняются при обращении к работодателю.,"Безопасность, службы охраны",Высшее,Старший помощник военного комиссара.<br/>Ответственность,0,"[{'location': 'Тверская область, 171163, г Вышний Волочек, пер Тургеневский, д. 20', 'lng': '34.552152', 'lat': '57.5822'}]",Социальный пакет,«руб.»,0,+7(48233)61672,net@mail.ru,,,,,
23618,23618,21863235-d961-11eb-b82d-e736a3d3ed84,Работодатель,6600000000000,Свердловская область,1036603981006.0,,0ecffe10-c1dc-11eb-a1ad-3bfa22f2d66b,False,6661014490.0,"""ВОЕННЫЙ КОМИССАРИАТ СВЕРДЛОВСКОЙ ОБЛАСТИ""",667101001,https://trudvsem.ru/company/0ecffe10-c1dc-11eb-a1ad-3bfa22f2d66b,2021-06-30,от 15974 до 18400,15974,Помощник начальника отделения (подготовки и призыва граждан на военную службу),https://trudvsem.ru/vacancy/card/0ecffe10-c1dc-11eb-a1ad-3bfa22f2d66b/21863235-d961-11eb-b82d-e736a3d3ed84,Полная занятость,Полный рабочий день,"<p>Ведение воинского учета граждан, подлежащих призыву на военную службу</p>","Государственная служба, некоммерческие организации",Среднее профессиональное,,0,"[{'location': 'Свердловская область, г. Ревда, Павла Зыкина улица, 17', 'lng': '59.928167', 'lat': '56.801937'}]",Ежемесячная премия 3000,«руб.»,18400,,,,,,,
23890,23890,daf8d016-d95c-11eb-b82d-e736a3d3ed84,Работодатель,6600000000000,Свердловская область,1036603981006.0,,0ecffe10-c1dc-11eb-a1ad-3bfa22f2d66b,False,6661014490.0,"""ВОЕННЫЙ КОМИССАРИАТ СВЕРДЛОВСКОЙ ОБЛАСТИ""",667101001,https://trudvsem.ru/company/0ecffe10-c1dc-11eb-a1ad-3bfa22f2d66b,2021-06-30,от 16900 до 21300,16900,Старший помощник начальника отделения (по АСУ) отделения (подготовки и призыва граждан на военную службу),https://trudvsem.ru/vacancy/card/0ecffe10-c1dc-11eb-a1ad-3bfa22f2d66b/daf8d016-d95c-11eb-b82d-e736a3d3ed84,Полная занятость,Полный рабочий день,"<p>Ведение учета граждан, подлежащих призыву на военную службу, с использованием средств автоматизации</p>","Государственная служба, некоммерческие организации",Высшее,,0,"[{'location': 'Свердловская область, Богдановичский район, г. Богданович, Ленина улица, 7А', 'lng': '62.057569', 'lat': '56.772409'}]",Ежемесячная премия 3000,«руб.»,21300,,,,,,,
23946,23946,7eb5d406-d962-11eb-b82d-e736a3d3ed84,Работодатель,6600000000000,Свердловская область,1036603981006.0,,0ecffe10-c1dc-11eb-a1ad-3bfa22f2d66b,False,6661014490.0,"""ВОЕННЫЙ КОМИССАРИАТ СВЕРДЛОВСКОЙ ОБЛАСТИ""",667101001,https://trudvsem.ru/company/0ecffe10-c1dc-11eb-a1ad-3bfa22f2d66b,2021-06-30,от 18000 до 22000,18000,Начальник отделения (подготовки и призыва граждан на военную службу),https://trudvsem.ru/vacancy/card/0ecffe10-c1dc-11eb-a1ad-3bfa22f2d66b/7eb5d406-d962-11eb-b82d-e736a3d3ed84,Полная занятость,Полный рабочий день,"<p>Руководит работой отделения подготовки и призыва граждан на военную службу.&nbsp; Организует работу по реализации приказов и директив вышестоящих органов военного управления. Осуществляет контроль за выполнением требований служебных документов. Обеспечивает условия для сохранения государственной тайны работниками отделения. Участвует в разработке мероприятий, направленных на обеспечение секретности работ и сохранности документов, в проведении профилактических мер по предотвращению утрат документов и разглашению секретных сведений. Разрабатывает методические документы (инструкции, рекомендации, информационные письма), касающиеся подготовки и призыва граждан на военную службу. Проводит занятия и сборы с работниками организаций и военнообязанными, закрепленными за военным комиссариатом. Организует работу совместно с органами местного самоуправления и медицинскими организациями (военно-медицинскими учреждениями) по медицинскому освидетельствованию граждан, подлежащих первоначальной постановке на воинский учет, граждан, призываемых на военную службу, и осуществляет контроль за прохождением ими медицинского обследования. Проводит мероприятия по военно-профессиональной ориентации и профессиональному психологическому отбору граждан, подлежащих первоначальной постановке на воинский учет или призыву на военную службу, и граждан, поступающих в военные образовательные организации высшего образования. Организует и проводит предварительный отбор граждан, изъявивших желание поступать в военные профессиональные образовательные организации и военные образовательные организации высшего образования, а также в образовательные организации среднего (полного) общего образования с дополнительными образовательными программами, имеющими целью военную подготовку несовершеннолетних граждан в порядке, установленном Правительством Российской Федерации. Обеспечивает выполнение установленных для муниципальных образований норм призыва граждан Российской Федерации на военную службу. Осуществляет учет граждан Российской Федерации, уклоняющихся от призыва на военную службу, направляет соответствующие материалы руководителю следственного органа Следственного комитета Российской Федерации по месту жительства указанных граждан для решения вопроса о привлечении их к ответственности в соответствии с законодательством Российской Федерации. Проводит с участием органов местного самоуправления мероприятия, связанные с реализацией гражданами конституционного права на замену военной службы по призыву альтернативной гражданской службой.&nbsp;</p>","Государственная служба, некоммерческие организации",Высшее,,0,"[{'location': 'Свердловская область, г. Екатеринбург, Луначарского улица, 177, дом 177б (призывной пункт)', 'lng': '60.624145', 'lat': '56.831994'}]",Ежемесячная премия 3000,«руб.»,22000,,,,,,,
